"pdf","png","generator"
"figures/01_target_expression.pdf","figures/01_target_expression.png","legacy/scripts/08_statistics_figures.R"
"figures/02_response_CellResDB_GSE205506_Post.pdf","figures/02_response_CellResDB_GSE205506_Post.png","legacy/scripts/08_statistics_figures.R"
"figures/02_response_CellResDB_GSE205506.pdf","figures/02_response_CellResDB_GSE205506.png","legacy/scripts/08_statistics_figures.R"
"figures/02_response_CellResDB_GSE236581_Post_II.pdf","figures/02_response_CellResDB_GSE236581_Post_II.png","legacy/scripts/08_statistics_figures.R"
"figures/02_response_CellResDB_GSE236581_Post_III.pdf","figures/02_response_CellResDB_GSE236581_Post_III.png","legacy/scripts/08_statistics_figures.R"
"figures/02_response_CellResDB_GSE236581_Post_IV.pdf","figures/02_response_CellResDB_GSE236581_Post_IV.png","legacy/scripts/08_statistics_figures.R"
"figures/02_response_CellResDB_GSE236581.pdf","figures/02_response_CellResDB_GSE236581.png","legacy/scripts/08_statistics_figures.R"
"figures/02_response_GEO_GSE236581_Post_II.pdf","figures/02_response_GEO_GSE236581_Post_II.png","legacy/scripts/08_statistics_figures.R"
"figures/02_response_GEO_GSE236581_Post_III.pdf","figures/02_response_GEO_GSE236581_Post_III.png","legacy/scripts/08_statistics_figures.R"
"figures/02_response_GEO_GSE236581_Post_IV.pdf","figures/02_response_GEO_GSE236581_Post_IV.png","legacy/scripts/08_statistics_figures.R"
"figures/02_response_GEO_GSE236581.pdf","figures/02_response_GEO_GSE236581.png","legacy/scripts/08_statistics_figures.R"
"figures/02_response_scCT-DB_GSE205506_Post.pdf","figures/02_response_scCT-DB_GSE205506_Post.png","legacy/scripts/08_statistics_figures.R"
"figures/02_response_scCT-DB_GSE205506.pdf","figures/02_response_scCT-DB_GSE205506.png","legacy/scripts/08_statistics_figures.R"
"figures/02_response_scCT-DB_GSE232525_Post.pdf","figures/02_response_scCT-DB_GSE232525_Post.png","legacy/scripts/08_statistics_figures.R"
"figures/02_response_scCT-DB_GSE232525.pdf","figures/02_response_scCT-DB_GSE232525.png","legacy/scripts/08_statistics_figures.R"
"figures/03_correlations_CellResDB_GSE205506_Post.pdf","figures/03_correlations_CellResDB_GSE205506_Post.png","legacy/scripts/08_statistics_figures.R"
"figures/03_correlations_CellResDB_GSE205506.pdf","figures/03_correlations_CellResDB_GSE205506.png","legacy/scripts/08_statistics_figures.R"
"figures/03_correlations_CellResDB_GSE236581_Post_II.pdf","figures/03_correlations_CellResDB_GSE236581_Post_II.png","legacy/scripts/08_statistics_figures.R"
"figures/03_correlations_CellResDB_GSE236581_Post_III.pdf","figures/03_correlations_CellResDB_GSE236581_Post_III.png","legacy/scripts/08_statistics_figures.R"
"figures/03_correlations_CellResDB_GSE236581.pdf","figures/03_correlations_CellResDB_GSE236581.png","legacy/scripts/08_statistics_figures.R"
"figures/03_correlations_GEO_GSE236581_Post_II.pdf","figures/03_correlations_GEO_GSE236581_Post_II.png","legacy/scripts/08_statistics_figures.R"
"figures/03_correlations_GEO_GSE236581_Post_III.pdf","figures/03_correlations_GEO_GSE236581_Post_III.png","legacy/scripts/08_statistics_figures.R"
"figures/03_correlations_GEO_GSE236581.pdf","figures/03_correlations_GEO_GSE236581.png","legacy/scripts/08_statistics_figures.R"
"figures/03_correlations_scCT-DB_GSE205506_Post.pdf","figures/03_correlations_scCT-DB_GSE205506_Post.png","legacy/scripts/08_statistics_figures.R"
"figures/03_correlations_scCT-DB_GSE205506.pdf","figures/03_correlations_scCT-DB_GSE205506.png","legacy/scripts/08_statistics_figures.R"
"figures/04_MHC_forest.pdf","figures/04_MHC_forest.png","legacy/scripts/08_statistics_figures.R"
"figures/05_within_patient_MHC.pdf","figures/05_within_patient_MHC.png","legacy/scripts/08_statistics_figures.R"
"figures/06_paired_changes.pdf","figures/06_paired_changes.png","legacy/scripts/08_statistics_figures.R"
"figures/07_primary_MHC_independent_studies.pdf","figures/07_primary_MHC_independent_studies.png","legacy/scripts/14_sensitivity.R"
"figures/08_primary_scatter.pdf","figures/08_primary_scatter.png","legacy/scripts/14_sensitivity.R"
"figures/09_CellChat_pathway_GSE205506.pdf","figures/09_CellChat_pathway_GSE205506.png","legacy/scripts/22_cellchat_comparison.R"
"figures/09_CellChat_pathway_GSE236581.pdf","figures/09_CellChat_pathway_GSE236581.png","legacy/scripts/22_cellchat_comparison.R"
"figures/10_CellChat_MHC_I_patient_points.pdf","figures/10_CellChat_MHC_I_patient_points.png","legacy/scripts/22_cellchat_comparison.R"
"figures/11_CellChat_network_GSE205506.pdf","figures/11_CellChat_network_GSE205506.png","legacy/scripts/22_cellchat_comparison.R"
"figures/11_CellChat_network_GSE236581.pdf","figures/11_CellChat_network_GSE236581.png","legacy/scripts/22_cellchat_comparison.R"
"panel/01_MHC_I_correlation/figure/Fig1_MHC_I_module_heatmap.pdf","panel/01_MHC_I_correlation/figure/Fig1_MHC_I_module_heatmap.png","panel/01_MHC_I_correlation/script/plot.R"
"panel/01_MHC_I_correlation/figure/Fig1_scatter_METTL3_B2M.pdf","panel/01_MHC_I_correlation/figure/Fig1_scatter_METTL3_B2M.png","panel/01_MHC_I_correlation/script/plot.R"
"panel/01_MHC_I_correlation/figure/Fig1_scatter_METTL3_HLA-A.pdf","panel/01_MHC_I_correlation/figure/Fig1_scatter_METTL3_HLA-A.png","panel/01_MHC_I_correlation/script/plot.R"
"panel/01_MHC_I_correlation/figure/Fig1_scatter_METTL3_HLA-B.pdf","panel/01_MHC_I_correlation/figure/Fig1_scatter_METTL3_HLA-B.png","panel/01_MHC_I_correlation/script/plot.R"
"panel/01_MHC_I_correlation/figure/Fig1_scatter_METTL3_HLA-C.pdf","panel/01_MHC_I_correlation/figure/Fig1_scatter_METTL3_HLA-C.png","panel/01_MHC_I_correlation/script/plot.R"
"panel/01_MHC_I_correlation/figure/Fig1_scatter_PTBP1_B2M.pdf","panel/01_MHC_I_correlation/figure/Fig1_scatter_PTBP1_B2M.png","panel/01_MHC_I_correlation/script/plot.R"
"panel/01_MHC_I_correlation/figure/Fig1_scatter_PTBP1_HLA-A.pdf","panel/01_MHC_I_correlation/figure/Fig1_scatter_PTBP1_HLA-A.png","panel/01_MHC_I_correlation/script/plot.R"
"panel/01_MHC_I_correlation/figure/Fig1_scatter_PTBP1_HLA-B.pdf","panel/01_MHC_I_correlation/figure/Fig1_scatter_PTBP1_HLA-B.png","panel/01_MHC_I_correlation/script/plot.R"
"panel/01_MHC_I_correlation/figure/Fig1_scatter_PTBP1_HLA-C.pdf","panel/01_MHC_I_correlation/figure/Fig1_scatter_PTBP1_HLA-C.png","panel/01_MHC_I_correlation/script/plot.R"
"panel/01_MHC_I_correlation/figure/Fig1_scatter_STRAP_B2M.pdf","panel/01_MHC_I_correlation/figure/Fig1_scatter_STRAP_B2M.png","panel/01_MHC_I_correlation/script/plot.R"
"panel/01_MHC_I_correlation/figure/Fig1_scatter_STRAP_HLA-A.pdf","panel/01_MHC_I_correlation/figure/Fig1_scatter_STRAP_HLA-A.png","panel/01_MHC_I_correlation/script/plot.R"
"panel/01_MHC_I_correlation/figure/Fig1_scatter_STRAP_HLA-B.pdf","panel/01_MHC_I_correlation/figure/Fig1_scatter_STRAP_HLA-B.png","panel/01_MHC_I_correlation/script/plot.R"
"panel/01_MHC_I_correlation/figure/Fig1_scatter_STRAP_HLA-C.pdf","panel/01_MHC_I_correlation/figure/Fig1_scatter_STRAP_HLA-C.png","panel/01_MHC_I_correlation/script/plot.R"
"panel/02_T_cell_state_correlation/figure/Fig2_T_cell_state_heatmap.pdf","panel/02_T_cell_state_correlation/figure/Fig2_T_cell_state_heatmap.png","panel/02_T_cell_state_correlation/script/plot.R"
"panel/03_tumor_treatment_trajectories/figure/Fig3_GSE205506_METTL3_patients.pdf","panel/03_tumor_treatment_trajectories/figure/Fig3_GSE205506_METTL3_patients.png","panel/03_tumor_treatment_trajectories/script/plot.R"
"panel/03_tumor_treatment_trajectories/figure/Fig3_GSE205506_Pre_vs_Post_paired_boxplot.pdf","panel/03_tumor_treatment_trajectories/figure/Fig3_GSE205506_Pre_vs_Post_paired_boxplot.png","panel/03_tumor_treatment_trajectories/script/plot.R"
"panel/03_tumor_treatment_trajectories/figure/Fig3_GSE205506_PTBP1_patients.pdf","panel/03_tumor_treatment_trajectories/figure/Fig3_GSE205506_PTBP1_patients.png","panel/03_tumor_treatment_trajectories/script/plot.R"
"panel/03_tumor_treatment_trajectories/figure/Fig3_GSE205506_STRAP_patients.pdf","panel/03_tumor_treatment_trajectories/figure/Fig3_GSE205506_STRAP_patients.png","panel/03_tumor_treatment_trajectories/script/plot.R"
"panel/03_tumor_treatment_trajectories/figure/Fig3_GSE205506_trajectories.pdf","panel/03_tumor_treatment_trajectories/figure/Fig3_GSE205506_trajectories.png","panel/03_tumor_treatment_trajectories/script/plot.R"
"panel/03_tumor_treatment_trajectories/figure/Fig3_GSE236581_all_stages_boxplot.pdf","panel/03_tumor_treatment_trajectories/figure/Fig3_GSE236581_all_stages_boxplot.png","panel/03_tumor_treatment_trajectories/script/plot.R"
"panel/03_tumor_treatment_trajectories/figure/Fig3_GSE236581_METTL3_patients.pdf","panel/03_tumor_treatment_trajectories/figure/Fig3_GSE236581_METTL3_patients.png","panel/03_tumor_treatment_trajectories/script/plot.R"
"panel/03_tumor_treatment_trajectories/figure/Fig3_GSE236581_Pre_vs_II_paired_boxplot.pdf","panel/03_tumor_treatment_trajectories/figure/Fig3_GSE236581_Pre_vs_II_paired_boxplot.png","panel/03_tumor_treatment_trajectories/script/plot.R"
"panel/03_tumor_treatment_trajectories/figure/Fig3_GSE236581_Pre_vs_III_paired_boxplot.pdf","panel/03_tumor_treatment_trajectories/figure/Fig3_GSE236581_Pre_vs_III_paired_boxplot.png","panel/03_tumor_treatment_trajectories/script/plot.R"
"panel/03_tumor_treatment_trajectories/figure/Fig3_GSE236581_Pre_vs_IV_paired_boxplot.pdf","panel/03_tumor_treatment_trajectories/figure/Fig3_GSE236581_Pre_vs_IV_paired_boxplot.png","panel/03_tumor_treatment_trajectories/script/plot.R"
"panel/03_tumor_treatment_trajectories/figure/Fig3_GSE236581_PTBP1_patients.pdf","panel/03_tumor_treatment_trajectories/figure/Fig3_GSE236581_PTBP1_patients.png","panel/03_tumor_treatment_trajectories/script/plot.R"
"panel/03_tumor_treatment_trajectories/figure/Fig3_GSE236581_STRAP_patients.pdf","panel/03_tumor_treatment_trajectories/figure/Fig3_GSE236581_STRAP_patients.png","panel/03_tumor_treatment_trajectories/script/plot.R"
"panel/03_tumor_treatment_trajectories/figure/Fig3_GSE236581_trajectories.pdf","panel/03_tumor_treatment_trajectories/figure/Fig3_GSE236581_trajectories.png","panel/03_tumor_treatment_trajectories/script/plot.R"
